{ "_id" : "Male", "avgHeight" : 166.73535433070865, "avgWeight" : 70.00774480113063 }
{ "_id" : "Female", "avgHeight" : 166.81260913705583, "avgWeight" : 70.11331573604062 }

